learner,correlation,p_value
S-Learner,0.6174766426148313,0.0
T-Learner,0.44539894433234667,0.0
X-Learner,0.5424392847211499,0.0
R-Learner,0.3086198726793472,0.0
