group,n,pct_of_total,visit_rate,visit_std,conversion_rate,conversion_std
control,2096937,14.999987124087742,0.03820095691954503,0.191681144955788,0.0019375880152813366,0.04397538732271907
treated,11882655,85.00001287591226,0.048543360048743316,0.21491139134731665,0.0030894610674129645,0.05549699592698879
non_exposed,11454443,81.93689057591952,0.034861057844541195,0.18342782620926396,0.0011942963966034839,0.0345379524126856
exposed,428212,3.0631222999927323,0.4145376589166114,0.49264262404333636,0.053784106937685074,0.22559143517672928
