cate_vs_pe,cate_vs_late,pe_vs_late
0.5424392847211461,0.5989664810474133,0.13406615831341281
