outcome,treated_rate,control_rate,itt_effect,itt_effect_pp
visit,0.048543360048743316,0.03820095691954503,0.010342403129198284,1.0342403129198283
conversion,0.0030894610674129645,0.0019375880152813366,0.0011518730521316279,0.11518730521316278
